group,density,clustering,path_length,efficiency
pMCI,0.7619047619047619,0.5682182059249705,0.6453615718481811,0.8809523809523809
sMCI,0.8571428571428571,0.6086070069993258,0.6208849220324728,0.9285714285714286
