,delta_VENTRICLES,delta_LHIPPOC,delta_RHIPPOC,delta_LENTORHIN,delta_RENTORHIN,delta_LMIDTEMP,delta_RMIDTEMP
delta_VENTRICLES,1.0,-0.4216452772786166,-0.3455609205291517,-0.3738202822092023,-0.332867014206659,-0.5179148291085124,-0.5650375826863422
delta_LHIPPOC,-0.4216452772786166,1.0,0.5436279742558675,0.5581778176402007,0.520555323176364,0.5086981099499434,0.5118416173536406
delta_RHIPPOC,-0.3455609205291517,0.5436279742558675,1.0,0.40329633654300284,0.5160119260252869,0.4241192243181885,0.494533228234585
delta_LENTORHIN,-0.3738202822092023,0.5581778176402007,0.40329633654300284,1.0,0.803578613363395,0.6433215571489417,0.6059246239545039
delta_RENTORHIN,-0.332867014206659,0.520555323176364,0.5160119260252869,0.803578613363395,1.0,0.6690970679836924,0.6231043154794916
delta_LMIDTEMP,-0.5179148291085124,0.5086981099499434,0.4241192243181885,0.6433215571489417,0.6690970679836924,1.0,0.8440401893808537
delta_RMIDTEMP,-0.5650375826863422,0.5118416173536406,0.494533228234585,0.6059246239545039,0.6231043154794916,0.8440401893808537,1.0
