metric,pmci,smci,observed_difference_pmci_minus_smci,permutation_p_value,fdr_corrected_p,significant_fdr_0.05
density,0.8571428571428571,1.0,-0.1428571428571429,0.0466,0.094,False
clustering,0.5687474812053088,0.6226825306069818,-0.05393504940167293,0.4224,0.4224,False
path_length,2.2437366654849327,1.9832321666767667,0.26050449880816595,0.2974,0.39653333333333335,False
global_efficiency,0.9285714285714286,1.0,-0.0714285714285714,0.047,0.094,False
